{
  "1":
  {
    "t": 30,
    "xi": 4,
    "lin": 0.0016,
    "quad": 0.000004
  },
  "2":
  {
    "t": 30,
    "xi": 4,
    "lin": 0.0016,
    "quad": 0.000004
  }
}
